WIG	/artist/43116:Freek-Strano	man	Nederland	DJ, producer	house, progressive trance, techno			{'soundcloud': 'https://partyflock.nlhttps://soundcloud.com/freekstrano', 'facebook': 'https://partyflock.nlhttps://www.facebook.com/222804294573329'}
BudBall								
Radley (UK)								
Placid	/artist/69609:Ir-Sais	man	Nederlandse Antillen	zanger, instrumentalist	r&b, reggaeton, zouk			{'youtube': 'https://partyflock.nlhttps://www.youtube.com/channel/UCg2S-_zRfn9fxsZQeC6mdWA', 'spotify': 'https://partyflock.nlhttps://open.spotify.com/artist/4NEThNYJ3WyNcJWcmpjq88', 'instagram': 'https://partyflock.nlhttps://www.instagram.com/irsais/', 'facebook': 'https://partyflock.nlhttps://www.facebook.com/194046117301128'}
Andrea Paganin								
Greg Oorange								
Plockasaurus								
fujiKATO								
Raf Reza								
Andy Hardie								
Thracian								
Anna Leevia	/artist/77049:Anna-Leevia	vrouw	Brazilië	DJ	electro, techno	http://www.annaleevia.com/		{'soundcloud': 'https://partyflock.nlhttps://soundcloud.com/annlee', 'twitter': 'https://partyflock.nlhttps://twitter.com/annaleevia', 'facebook': 'https://partyflock.nlhttps://www.facebook.com/682158195'}
Christian Fellsen								
Campari Safari DJs								
Domenico Crisci	/artist/97483:Domenico-Crisci	man	Italië	DJ				{'soundcloud': 'https://partyflock.nlhttps://www.soundcloud.com/domenicocrisci', 'facebook': 'https://partyflock.nlhttps://www.facebook.com/156349064822'}
Chvck.								
Nana K.	/artist/93563:Nana-K	man	Duitsland	DJ		http://www.nana-k.com/		{'soundcloud': 'https://partyflock.nlhttps://soundcloud.com/nana-k-music', 'instagram': 'https://partyflock.nlhttps://www.instagram.com/nana_k_dj/', 'facebook': 'https://partyflock.nlhttps://www.facebook.com/182490154759'}
Arsenii								
Demichild								
Deyan Zlatinoff								
AndMe.								
Digipulation								
CGB								
Tony Finger								
ÉMU	/artist/59405:Emulestic	man	Nederland	DJ	hardcore			{'youtube': 'https://partyflock.nlhttps://www.youtube.com/user/emulestic'}
Dead Sound								
Ray Oliver								
Cesar Lugo								
Schäufler & Zovsky	/artist/68522:Pachanga-Boys	man	Mexico	DJ, groep				{'soundcloud': 'https://partyflock.nlhttps://www.soundcloud.com/hippie-dance', 'spotify': 'https://partyflock.nlhttps://open.spotify.com/artist/7EqE0DBntJS6OUT4gK9W3P', 'facebook': 'https://partyflock.nlhttps://www.facebook.com/315216318504660'}
Aypex								
Dunie								
Substrukt								
Gil K								
Cella	/artist/106205:Cellar-Door-46	man	Duitsland	DJ				{'facebook': 'https://partyflock.nlhttps://www.facebook.com/100000545623603'}
Kristian Zinnack								
Leon Revol								
Loco & Jam	/artist/14395:Loco-Dice	man	Duitsland	DJ	funk, groove, hip hop, house, triphop	http://www.locodice.com/		{'soundcloud': 'https://partyflock.nlhttps://soundcloud.com/locodiceofc', 'twitter': 'https://partyflock.nlhttps://twitter.com/LocoDiceOFC', 'instagram': 'https://partyflock.nlhttps://instagram.com/locodiceofc', 'facebook': 'https://partyflock.nlhttps://www.facebook.com/140368786216', 'youtube': 'https://partyflock.nlhttps://www.youtube.com/locodice'}
Matt Moody								
Grauntorgum								
Wowlace								
MR KJ								
Konplott								
Hypnotised	/artist/97708:Hypnotised	man	België	DJ	progressive trance, techno			{'soundcloud': 'https://partyflock.nlhttps://soundcloud.com/hypnotised-2', 'twitter': 'https://partyflock.nlhttps://twitter.com/Hypnotised75', 'facebook': 'https://partyflock.nlhttps://www.facebook.com/204266209693417'}
Emrah Goktas								
T.I.M	/artist/33048:T-I-M	man	Nederland	DJ, producer	dub, house, techno			{'soundcloud': 'https://partyflock.nlhttps://soundcloud.com/togetherismusic', 'twitter': 'https://partyflock.nlhttps://twitter.com/T_I_M_Music', 'facebook': 'https://partyflock.nlhttps://www.facebook.com/118945554838251'}
House Prophets								
Derek Carr								
Nebs Jack								
Niclas Kannengiesser								
Pedramovich								
FM Stroemer								
Da Moon								
Raw Federico								
My Mistake								
JeromKRM								
O-God								
BareSkin								
Sølaxid								
Vid Vai								
Fanick								
Jonas Bering	/artist/36911:Jonas-Bering	man	Frankrijk	live act		http://www.kompakt-net.de		{}
Scopter								
Factuaw								
Darren Marshall	/artist/110250:Morrissey-and-Marshall	man	Verenigd Koninkrijk	band	rock & roll	http://www.morrisseyandmarshall.com/		{'soundcloud': 'https://partyflock.nlhttps://soundcloud.com/morrissey-marsall', 'spotify': 'https://partyflock.nlhttps://open.spotify.com/artist/4C9CnwDaiPL6pYGYdfAkU3', 'youtube': 'https://partyflock.nlhttps://www.youtube.com/user/morrisseyandmarshall', 'instagram': 'https://partyflock.nlhttps://www.instagram.com/morrisseyandmarshall/', 'twitter': 'https://partyflock.nlhttps://twitter.com/morandmar', 'facebook': 'https://partyflock.nlhttps://www.facebook.com/228857903807011'}
Fgon								
Vito Buffa								
Abel Zeballos								
No Fun Acid								
Jewill								
Asquith	/artist/90921:Asquith	man	Verenigd Koninkrijk	DJ				{'facebook': 'https://partyflock.nlhttps://www.facebook.com/507971644'}
iKOST								
The Chunk Project								
Walter Albini								
Digital Damage								
Late Night Visitor								
Simon Adams								
Etche								
Sabre	/artist/119929:Crystal-geometry	man		DJ	techno			{'instagram': 'https://partyflock.nlhttps://www.instagram.com/crystal_geometry/', 'facebook': 'https://partyflock.nlhttps://www.facebook.com/1029244930432623'}
Nervo	/artist/63007:NERVO	vrouw	Australië	DJ, groep		http://www.nervomusic.com/		{'soundcloud': 'https://partyflock.nlhttps://soundcloud.com/nervomusic', 'spotify': 'https://partyflock.nlhttps://open.spotify.com/artist/4j5KBTO4tk7up54ZirNGvK', 'youtube': 'https://partyflock.nlhttps://www.youtube.com/nervosongs', 'instagram': 'https://partyflock.nlhttps://www.instagram.com/nervomusic/', 'itunes': 'https://partyflock.nlhttps://itunes.apple.com/artist/nervo/id315216021', 'twitter': 'https://partyflock.nlhttps://twitter.com/nervomusic', 'facebook': 'https://partyflock.nlhttps://www.facebook.com/201672210934'}
Grasps								
Galdu								
Miruga								
Advanced Human	/artist/82238:More-Advanced-Than-Human	man	België	DJ	house, minimal, techno			{'facebook': 'https://partyflock.nlhttps://www.facebook.com/128368797229443'}
Bass Hunters								
Enzo Postiga	/artist/120715:Local-Preachers-featuring-Raw-District-Enzo-Postiga-and-Rodham	man	België	DJ, groep	deephouse, house, minimal			{'soundcloud': 'https://partyflock.nlhttps://soundcloud.com/rawdistrict', 'instagram': 'https://partyflock.nlhttps://www.instagram.com/raw_district/', 'facebook': 'https://partyflock.nlhttps://www.facebook.com/445280068884509'}
eri2								
Torre Bros								
Lorenzo De Blanck								
Enzo Ghisu								
Wilmer Martin								
Ryan Good								
Domenique Dumont	/artist/118501:Domenique-Dumont	man	Frankrijk	DJ, groep	electronica			{'soundcloud': 'https://partyflock.nlhttps://soundcloud.com/domeniquedumont', 'itunes': 'https://partyflock.nlhttps://itunes.apple.com/us/artist/domenique-dumont/1001524565', 'twitter': 'https://partyflock.nlhttps://twitter.com/domeniquedumont', 'spotify': 'https://partyflock.nlhttps://open.spotify.com/artist/6kNluNBHa4sh5BKIvyiDgf'}
Cristiano.Apache								
Alfredo Hp								
Bizio								
Mullah Shaheed								
Gelassenheit								
Version.b								
F82								
James Hunter								
Temple	/artist/78230:Paula-Temple	vrouw	Verenigd Koninkrijk	DJ, live act	r&b, techno	http://paulatemple.com/		{'soundcloud': 'https://partyflock.nlhttps://soundcloud.com/paulatemple', 'twitter': 'https://partyflock.nlhttps://twitter.com/Paulatemple', 'facebook': 'https://partyflock.nlhttps://www.facebook.com/461876073887844'}
My Digital Habit								
Nadia Sirota								
Lisa Q								
DJ Agon								
Jacky 0								
Lelectrolab								
Daniel Brandao								
Toner	/artist/3603:Terry-Toner	man	Indonesië	DJ	electro, minimal, techno		http://www.wearee.nl/	{'soundcloud': 'https://partyflock.nlhttps://soundcloud.com/terry-toner', 'twitter': 'https://partyflock.nlhttps://twitter.com/territoner', 'facebook': 'https://partyflock.nlhttps://www.facebook.com/1351281613'}
Tirambik	/artist/90365:Tirambik	man	België	DJ	deephouse, funk, house			{'soundcloud': 'https://partyflock.nlhttps://soundcloud.com/tirambik', 'facebook': 'https://partyflock.nlhttps://www.facebook.com/302868266502648'}
Robert Raine								
Audiowhores	/artist/40566:Audiowhores	man	Verenigd Koninkrijk	DJ, groep	house			{'soundcloud': 'https://partyflock.nlhttps://soundcloud.com/audiowhores', 'twitter': 'https://partyflock.nlhttps://twitter.com/audiowhores'}
Finetune	/artist/84589:The-FineTunerz	man	Nederland	DJ, groep	big room, EDM, electro, house, latin, progressive trance, trance			{'soundcloud': 'https://partyflock.nlhttps://www.soundcloud.com/thefinetunerz', 'twitter': 'https://partyflock.nlhttps://twitter.com/thefinetunerz', 'instagram': 'https://partyflock.nlhttps://instagram.com/thefinetun3rz'}
RECANISM	/artist/94492:Recanism	man	Italië	DJ	techno			{'facebook': 'https://partyflock.nlhttps://www.facebook.com/226792734173648'}
Stefan Mint								
Christian Zanni								
NOT YOUR GIRLFRIEND								
Calculus	/artist/49579:Chris-Calculus	man	Nederland	DJ	disco, funk, house			{'soundcloud': 'https://partyflock.nlhttps://soundcloud.com/chriscalculus', 'facebook': 'https://partyflock.nlhttps://www.facebook.com/100026450582997'}
Jason Hogans								
Kurley	/artist/67743:Kurley	man	Nederland	DJ	deephouse, house, techhouse			{'soundcloud': 'https://partyflock.nlhttps://soundcloud.com/kurley', 'facebook': 'https://partyflock.nlhttps://www.facebook.com/461594557195926'}
Cosmonauts	/artist/52078:Cosmonauts	man	Verenigd Koninkrijk	DJ, groep	house, progressive trance			{'soundcloud': 'https://partyflock.nlhttps://soundcloud.com/cosmonauts', 'twitter': 'https://partyflock.nlhttps://twitter.com/hellocosmonauts', 'facebook': 'https://partyflock.nlhttps://www.facebook.com/107995059232139'}
El Tigre Sound								
Pedro Datana								
Mark McGuire	/artist/58258:Emeralds		Verenigde Staten	live act	ambient			{}
Alessio Watt								
Adlib								
Jackson Winter	/artist/110915:Bury-Tomorrow	man	Verenigd Koninkrijk	band	metal	http://bury-tomorrow.com/		{'twitter': 'https://partyflock.nlhttps://twitter.com/burytomorrow', 'spotify': 'https://partyflock.nlhttps://open.spotify.com/artist/6BD4lgmnh4vy6kkCaZRDWt', 'instagram': 'https://partyflock.nlhttps://www.instagram.com/burytomorrow/', 'facebook': 'https://partyflock.nlhttps://www.facebook.com/48692891207', 'youtube': 'https://partyflock.nlhttps://www.youtube.com/user/burytomorrow'}
Onur Engin								
Donation								
Loukoko								
Dubrat								
Vessels	/artist/87702:Vessels	man	Verenigd Koninkrijk	band		http://vesselsband.com/		{'soundcloud': 'https://partyflock.nlhttps://soundcloud.com/vessels', 'twitter': 'https://partyflock.nlhttps://twitter.com/vesselsband', 'youtube': 'https://partyflock.nlhttps://www.youtube.com/user/cuckundoo#p/c/05D8126F6DADFF72', 'facebook': 'https://partyflock.nlhttps://www.facebook.com/296247663724'}
MINt (1)								
ORSEN	/artist/96708:Orsen	man	Oostenrijk	DJ	techno	http://orsenmusic.com/		{'soundcloud': 'https://partyflock.nlhttps://soundcloud.com/orsenmusic', 'youtube': 'https://partyflock.nlhttps://www.youtube.com/channel/UClnh969IAxYAVgNTqs3UoCA', 'instagram': 'https://partyflock.nlhttps://www.instagram.com/orsenmusic/', 'facebook': 'https://partyflock.nlhttps://www.facebook.com/633840046690721'}
Alex D. (2)								
Inkfish								
Håkan Momenth								
Jack On Black								
Mejle	/artist/112772:MEJLE	man	Duitsland	DJ				{'soundcloud': 'https://partyflock.nlhttps://soundcloud.com/mejle', 'facebook': 'https://partyflock.nlhttps://www.facebook.com/130387993722458'}
Vincenzo D'amico								
Brad Wilder								
Liam Shachar								
Planet JM	/artist/94263:Planet-JM	man	Nederland	DJ				{'soundcloud': 'https://partyflock.nlhttps://soundcloud.com/planetjm', 'facebook': 'https://partyflock.nlhttps://www.facebook.com/810623135'}
Sam Shure	/artist/100226:Sam-Shure	man	Duitsland	DJ				{'soundcloud': 'https://partyflock.nlhttps://soundcloud.com/samshure', 'facebook': 'https://partyflock.nlhttps://www.facebook.com/218986994797642'}
Epikur								
Nahual								
ADICON								
Taiki Masai								
Polium								
WWWater	/artist/110585:WWWater	mix	België	band			https://primarytalent.com/wwwater/	{'soundcloud': 'https://partyflock.nlhttps://soundcloud.com/adigerwww', 'spotify': 'https://partyflock.nlhttps://open.spotify.com/artist/4WgCTKIMWlD3z6UASgxyht', 'instagram': 'https://partyflock.nlhttps://www.instagram.com/adigerwww/', 'facebook': 'https://partyflock.nlhttps://www.facebook.com/1613119045668642'}
Deep Innazone								
Bimol								
Posh One								
Gunrose								
Vova Potapenko								
S.C.U.D								
Cara Mazzi								
Enrique Lepoutre	/artist/67053:Enriques-Groove	man	Nederland	DJ	deephouse, disco, funk, hip hop, house			{'soundcloud': 'https://partyflock.nlhttps://soundcloud.com/enrique-amsterdam', 'twitter': 'https://partyflock.nlhttps://twitter.com/enrique020', 'youtube': 'https://partyflock.nlhttps://www.youtube.com/user/enriquelepoutre', 'facebook': 'https://partyflock.nlhttps://www.facebook.com/193143364032222'}
Gropina	/artist/102345:Gropina		Nederland	DJ	disco			{'soundcloud': 'https://partyflock.nlhttps://soundcloud.com/Gropina', 'facebook': 'https://partyflock.nlhttps://www.facebook.com/358003567671145'}
Bigzy	/artist/114941:Bigzy	man	Frankrijk	DJ	acid, deephouse, disco, funk, house, techno			{'soundcloud': 'https://partyflock.nlhttps://soundcloud.com/bigzys', 'youtube': 'https://partyflock.nlhttps://www.youtube.com/channel/UCuh4BW7fLz8G19KG2gSn0ZA', 'instagram': 'https://partyflock.nlhttps://www.instagram.com/bigzance/', 'facebook': 'https://partyflock.nlhttps://www.facebook.com/186673491743209'}
Christian Thomas (2)								
Steve Yau								
Optimus Maximus								
Dubshake								
Verdie	/artist/56288:Terence-Verdier	man	Nederland	DJ	house, techhouse, techno			{'soundcloud': 'https://partyflock.nlhttps://soundcloud.com/terence-verdier', 'facebook': 'https://partyflock.nlhttps://www.facebook.com/149178681859421'}
Roman Stange								
Massimo Cominotto								
Subsonnik								
hbk	/artist/22339:H-B-K			DJ				{}
Dani Nydegger								
Prantel								
SQware								
J.L.D								
Dmitrievna								
Chris Maiberger								
Robin	/artist/71522:Dark-Pact	man	Nederland	DJ, producer	hardstyle, raw hardstyle			{'soundcloud': 'https://partyflock.nlhttps://soundcloud.com/darkpactofficial', 'itunes': 'https://partyflock.nlhttp://itunes.apple.com/artist/dark-pact/id501322906', 'facebook': 'https://partyflock.nlhttps://www.facebook.com/167430253350336'}
Standish/Carlyon								
Omar Contri								
PinkLeg								
Luka Kerky								
Lü (DE)								
Van HumperDink								
Pardon My French								
Sam Haas	/artist/88962:Zero-Element	man	Nederland	DJ, groep	raw hardstyle			{'soundcloud': 'https://partyflock.nlhttps://soundcloud.com/zero-element'}
Keremeris								
Rotax	/artist/86747:Rotaxs	man	Nederland	DJ				{'facebook': 'https://partyflock.nlhttps://www.facebook.com/1840395067'}
DJ ManicNYC								
Proximus								
Envotion	/artist/25683:Envotion		Nederland	DJ		http://www.envotion.com/		{}
DJ Slym Fas								
Alienna	/artist/89647:Alienna	vrouw	België	DJ	groove, house, oldschool, soulful house, techno	http://www.alienna.com/		{'twitter': 'https://partyflock.nlhttps://twitter.com/DjAlienna', 'facebook': 'https://partyflock.nlhttps://www.facebook.com/430756093622179'}
Deepneue	/artist/101617:Deepneue	man	Duitsland	DJ	techno			{'soundcloud': 'https://partyflock.nlhttps://soundcloud.com/deepneue', 'facebook': 'https://partyflock.nlhttps://www.facebook.com/528895683856787'}
Moon & Mann	/artist/110048:Moonshine-Wagon	man		band	rock			{'youtube': 'https://partyflock.nlhttps://www.youtube.com/user/MoonshineWagon', 'facebook': 'https://partyflock.nlhttps://www.facebook.com/417782178343961'}
Yiftach Giladi								
Sleep D								
Hernan M								
Matheus	/artist/119358:Melting-Point	man	Zwitserland	DJ, groep	psytrance			{'soundcloud': 'https://partyflock.nlhttps://soundcloud.com/melting_point', 'facebook': 'https://partyflock.nlhttps://www.facebook.com/559671994233747'}
Timothy Hora								
East Soul Person								
Callum McConnell								
Free SB								
Pablo Pinto								
Kirkwood West								
Surgeles	/artist/13277:Surgeles	man	Nederland	DJ	techno	http://www.djsurgeles.com/		{'soundcloud': 'https://partyflock.nlhttps://soundcloud.com/dj-surgeles', 'youtube': 'https://partyflock.nlhttps://www.youtube.com/user/mrsurgeles', 'facebook': 'https://partyflock.nlhttps://www.facebook.com/686705899'}
Shiloh (UK)								
Digital Dimensions								
Karousel								
Seroton	/artist/86384:Serotonin-Thieves	man	Verenigd Koninkrijk	DJ, groep	techhouse			{'soundcloud': 'https://partyflock.nlhttps://soundcloud.com/serotoninthieves', 'twitter': 'https://partyflock.nlhttps://twitter.com/s_thieves', 'youtube': 'https://partyflock.nlhttps://www.youtube.com/user/serotoninthieves', 'facebook': 'https://partyflock.nlhttps://www.facebook.com/809504290'}
Mafia Kiss								
Fráncis	/artist/57914:Sean-Paul	man	Jamaica	zanger, 2 × live act	latin, urban	http://www.allseanpaul.com/		{'twitter': 'https://partyflock.nlhttps://twitter.com/duttypaul', 'facebook': 'https://partyflock.nlhttps://www.facebook.com/10161539667'}
DJ MFL								
Armen Miran								
Steven Lee	/artist/122596:Hart-Geruis	mix	Nederland	band				{'youtube': 'https://partyflock.nlhttps://www.youtube.com/channel/UCPHjriNEosGNVAan6pd07fQ', 'instagram': 'https://partyflock.nlhttps://www.instagram.com/hart_geruis/', 'facebook': 'https://partyflock.nlhttps://www.facebook.com/161751560688488'}
Skibadee	/artist/49682:Skibadee	man	Verenigd Koninkrijk	DJ, MC	drum & bass			{'facebook': 'https://partyflock.nlhttps://www.facebook.com/46557283358'}
T Strong								
Ulwhednar	/artist/89036:Ulwhednar	man	Zweden	live act, groep	electro, techno			{}
Lewis Anthony								
Dykore								
DJ Deece								
Gonzalez & Gonzalo	/artist/35883:Vato-Gonzalez	man	Nederland	DJ, MC	eclectic, electro, house, latin	http://www.vato.nl/	https://liwyn.com/	{'soundcloud': 'https://partyflock.nlhttps://soundcloud.com/vatogonzalez', 'itunes': 'https://partyflock.nlhttps://itunes.apple.com/artist/vato-gonzalez/id292512650', 'twitter': 'https://partyflock.nlhttps://www.twitter.com/vatogonzalez', 'youtube': 'https://partyflock.nlhttps://www.youtube.com/vatogonzalez', 'facebook': 'https://partyflock.nlhttps://www.facebook.com/1253783323'}
Rome: by Cezar								
Zakari&Blange;	/artist/73577:Zak	man	Marokko	DJ	latin			{'soundcloud': 'https://partyflock.nlhttps://soundcloud.com/djzakmorocco', 'youtube': 'https://partyflock.nlhttps://www.youtube.com/channel/UCUopYcbtgVtR9nB_n0iLiTA', 'instagram': 'https://partyflock.nlhttps://www.instagram.com/dj_zak/', 'facebook': 'https://partyflock.nlhttps://www.facebook.com/1623580037896431'}
Jack Stanley								
IAM ONE								
Kennedy	/artist/83592:Klose-One	man	Verenigd Koninkrijk	DJ				{'soundcloud': 'https://partyflock.nlhttps://soundcloud.com/klose-one', 'twitter': 'https://partyflock.nlhttps://twitter.com/KloseOne', 'facebook': 'https://partyflock.nlhttps://www.facebook.com/32544717432'}
Simon Martin	/artist/64813:North-Base	man	Verenigd Koninkrijk	DJ, groep	drum & bass, dubstep	http://www.northbaseuk.com/		{'soundcloud': 'https://partyflock.nlhttps://soundcloud.com/north-base', 'spotify': 'https://partyflock.nlhttps://open.spotify.com/artist/1gePUaBQKfWlVmbyCBtbzx', 'youtube': 'https://partyflock.nlhttps://www.youtube.com/user/NORTHBASETVUK', 'instagram': 'https://partyflock.nlhttps://www.instagram.com/NORTHBASEUK/', 'twitter': 'https://partyflock.nlhttps://twitter.com/NORTHBASEUK', 'facebook': 'https://partyflock.nlhttps://www.facebook.com/204259206291116'}
Klar Kinelis								
Sergey Kalinovsky								
D'eon								
Marvinmarvelous								
PuFFcorn								
Kirk Paten								
JAL	/artist/103312:Jalaba-Brothers	man		DJ, groep				{'soundcloud': 'https://partyflock.nlhttps://soundcloud.com/jalababrothers', 'youtube': 'https://partyflock.nlhttps://www.youtube.com/channel/UC6bUCcgbZqSaVi87UQYUW1Q', 'instagram': 'https://partyflock.nlhttps://www.instagram.com/jalababrothers/', 'facebook': 'https://partyflock.nlhttps://www.facebook.com/1809039935996872'}
Kokeshi								
Pohlmann								
Les Halles								
João Paulo	/artist/90516:Gromma	man	Brazilië	DJ	house, techno			{'soundcloud': 'https://partyflock.nlhttps://soundcloud.com/gromma', 'twitter': 'https://partyflock.nlhttps://twitter.com/Gromma', 'youtube': 'https://partyflock.nlhttps://www.youtube.com/user/grommagromma', 'facebook': 'https://partyflock.nlhttps://www.facebook.com/134585050247'}
Thanos	/artist/107514:Thanos-Hana	man	Griekenland	DJ, live act	techno			{'soundcloud': 'https://partyflock.nlhttps://soundcloud.com/thanoshana', 'spotify': 'https://partyflock.nlhttps://open.spotify.com/artist/5CKN3VInhnOcw3Zg9geO9A', 'youtube': 'https://partyflock.nlhttps://www.youtube.com/channel/UCCegtIKPMT3aYMt0S0d_L2A', 'facebook': 'https://partyflock.nlhttps://www.facebook.com/203466589676513'}
Lenny Lightning								
Lepht								
Prisme	/artist/109573:Prisme	man	België	DJ, groep		http://www.prisme-music.be/		{'soundcloud': 'https://partyflock.nlhttps://soundcloud.com/prismeprod', 'twitter': 'https://partyflock.nlhttps://twitter.com/prismeduo', 'facebook': 'https://partyflock.nlhttps://www.facebook.com/157108024308522'}
Jade Statues								
Florian.Charmin								
Andi de Luxe								
029	/artist/81646:Serotonin-aka-029	man	Nederland	DJ	dub			{}
Michael Turecki								
Steve Mac	/artist/40639:Steve-Mac	man	Verenigd Koninkrijk	DJ	house, techhouse			{'soundcloud': 'https://partyflock.nlhttps://soundcloud.com/steve-mac/', 'twitter': 'https://partyflock.nlhttps://twitter.com/mrstevemac', 'facebook': 'https://partyflock.nlhttps://www.facebook.com/697852246'}
Movie	/artist/43378:Holy-Wood-Movies	man		VJ	breakbeat, drum & bass, jungle			{}
Macsack								
Bassilus C								
Ombossa								
Spaces								
Criminal Practice								
Martin Eyerer	/artist/29710:Martin-Eyerer	man	Duitsland	DJ	acid, electro, minimal			{'soundcloud': 'https://partyflock.nlhttps://soundcloud.com/martineyerer', 'itunes': 'https://partyflock.nlhttp://itunes.apple.com/artist/martin-eyerer/id30398241', 'facebook': 'https://partyflock.nlhttps://www.facebook.com/28559499154'}
Childrensoul								
Otim Alpha	/artist/119213:Otim-Alpha	man	Oeganda	zanger				{'soundcloud': 'https://partyflock.nlhttps://soundcloud.com/otimalpha', 'spotify': 'https://partyflock.nlhttps://open.spotify.com/artist/07uMqKd2ikfAnQiyF0bNlV', 'facebook': 'https://partyflock.nlhttps://www.facebook.com/241630539626480'}
Hayze (MA)								
Midfield General	/artist/2506:Midfield-General	man	Verenigd Koninkrijk	DJ				{}
Manuk	/artist/9431:Manu-Kenton	man	België	DJ, live act, producer	electro, groove, hardtechno, schranz, techhouse			{'soundcloud': 'https://partyflock.nlhttps://soundcloud.com/manukenton', 'facebook': 'https://partyflock.nlhttps://www.facebook.com/1452841249'}
Kesh Chandra								
Tom Colontonio	/artist/64431:Tom-Colontonio	man	Verenigde Staten	DJ, producer	progressive trance, trance	http://www.tomcolontonio.com		{'soundcloud': 'https://partyflock.nlhttps://soundcloud.com/tomcolontonio', 'twitter': 'https://partyflock.nlhttps://twitter.com/tomcolontonio', 'facebook': 'https://partyflock.nlhttps://www.facebook.com/541635828'}
Syrob								
Lüttich Kuttich								
DJ_eme								
Fx Mchn								
The Florist	/artist/30814:The-florist	man	Nederland	DJ	classics, early hardcore, hardcore, hardstyle, jump, oldschool			{}
Queemose	/artist/103397:Queemose	man	Italië	DJ	house			{'soundcloud': 'https://partyflock.nlhttps://soundcloud.com/queemosemusic', 'facebook': 'https://partyflock.nlhttps://www.facebook.com/186853861346096'}
Rob Fernandez	/artist/64924:Dance-Disorder		Duitsland	DJ, groep	disco			{'soundcloud': 'https://partyflock.nlhttps://soundcloud.com/dance-disorder', 'facebook': 'https://partyflock.nlhttps://www.facebook.com/263741122504'}
Matteo Bruno								
Andy Lemac								
Germano Kuerten								
Ekum								
Deesse﻿								
Grego G	/artist/76402:Point-G	man	Frankrijk	DJ, live act			http://rt-agency.com/	{'soundcloud': 'https://partyflock.nlhttps://soundcloud.com/point-g-3', 'youtube': 'https://partyflock.nlhttps://www.youtube.com/user/pointgofc', 'facebook': 'https://partyflock.nlhttps://www.facebook.com/343126162422994'}
TZUC								
S.K.A.M.	/artist/75238:S-K-A-M		Rusland		deephouse, disco, techhouse			{'soundcloud': 'https://partyflock.nlhttps://soundcloud.com/s-k-a-m', 'facebook': 'https://partyflock.nlhttps://www.facebook.com/183062036041'}
Johnny D	/artist/99721:Hyperzone	man	Denemarken	DJ, groep	hardstyle			{'instagram': 'https://partyflock.nlhttps://www.instagram.com/hyperzonedj/', 'facebook': 'https://partyflock.nlhttps://www.facebook.com/429384293875522'}
Marco aka Nightblue								
Matthew Burton	/artist/78252:Matthew-Burton	man	Duitsland	DJ	techno			{'soundcloud': 'https://partyflock.nlhttps://soundcloud.com/matthew-burton'}
Toby Lyons								
Dub Recycle								
Cal Kennedy								
NinOo								
Majesty & Vanz	/artist/115094:Majesty	man	Verenigd Koninkrijk	DJ				{'soundcloud': 'https://partyflock.nlhttps://soundcloud.com/majestydj001', 'twitter': 'https://partyflock.nlhttps://twitter.com/majestymusic_', 'instagram': 'https://partyflock.nlhttps://www.instagram.com/majestydj/'}
Pineal Navigation								
Momomo								
Blak Angus								
Edy C.								
Gamboa	/artist/7502:Sebastian-Gamboa	man	Spanje	DJ		http://www.sebastiangamboa.com/		{'soundcloud': 'https://partyflock.nlhttps://soundcloud.com/sebastiangamboa', 'twitter': 'https://partyflock.nlhttps://twitter.com/sebastiangamboa', 'facebook': 'https://partyflock.nlhttps://www.facebook.com/71033623181'}
Cordes	/artist/79496:Ensemble-Du-Verre	mix	Duitsland	DJ, producer, band, groep		http://ensemble-du-verre.com/		{'soundcloud': 'https://partyflock.nlhttps://soundcloud.com/ensemble-du-verre', 'itunes': 'https://partyflock.nlhttp://itunes.apple.com/artist/ensemble-du-verre/id188180534'}
Rough Fields								
Matt Green (1)								
Nasamann								
StR0B0C0P								
Le Macchine								
Noise Artistry								
Maria Jose	/artist/57294:Jose-Maria-Ramon	man	Spanje	DJ	deephouse, funk, house			{'soundcloud': 'https://partyflock.nlhttps://soundcloud.com/josemariaramon', 'twitter': 'https://partyflock.nlhttps://twitter.com/josemariaramon', 'spotify': 'https://partyflock.nlhttps://open.spotify.com/artist/1LbidrvLDeRS8BiKZK6jhC', 'facebook': 'https://partyflock.nlhttps://www.facebook.com/719666078'}
Igor Faria								
Deisen								
Leesh								
Marco Almanza								
Joeb	/artist/91914:Joeboxx	man	België	DJ	drum & bass			{'soundcloud': 'https://partyflock.nlhttps://soundcloud.com/joeymaesen', 'facebook': 'https://partyflock.nlhttps://www.facebook.com/693824730729676'}
NJVK								
Alpha Tracks								
Dehousy	/artist/91259:Dehousy	man	Frankrijk	DJ				{'soundcloud': 'https://partyflock.nlhttps://soundcloud.com/dehousy', 'twitter': 'https://partyflock.nlhttps://twitter.com/Dehousy', 'instagram': 'https://partyflock.nlhttps://www.instagram.com/dehousy/', 'facebook': 'https://partyflock.nlhttps://www.facebook.com/211124378932879'}
Paul Begge								
Max Tocci								
Zonzo								
Son Of Ann								
D.A.L.I.								
Nikki Llanera								
Double U Jay	/artist/35949:Double-U-Jay	man	België	DJ	techno	http://www.doubleujay.com/		{'soundcloud': 'https://partyflock.nlhttps://soundcloud.com/doubleujay', 'facebook': 'https://partyflock.nlhttps://www.facebook.com/192049600816377'}
The Digital Breed	/artist/69591:The-Digital-Breed	man	Verenigde Staten	DJ, groep	dubstep, electro, hip hop, house, techno			{'soundcloud': 'https://partyflock.nlhttps://soundcloud.com/dadigitalbreed', 'twitter': 'https://partyflock.nlhttps://twitter.com/TheDigitalBreed', 'facebook': 'https://partyflock.nlhttps://www.facebook.com/161352053879762'}
Joe Reel								
Berq								
ZEC	/artist/66785:Vaiks-L-and-Rowses	man	Nederland	DJ, groep				{'twitter': 'https://partyflock.nlhttps://twitter.com/vaikslrowses', 'youtube': 'https://partyflock.nlhttps://www.youtube.com/user/VaiksLRowses', 'facebook': 'https://partyflock.nlhttps://www.facebook.com/277586785675'}
Della Zouch								
Cristiano	/artist/18:Technoboy	man	Italië	DJ, producer	hardstyle		http://www.makeyoudancebookings.nl/	{'soundcloud': 'https://partyflock.nlhttps://soundcloud.com/djtechnoboy', 'itunes': 'https://partyflock.nlhttp://itunes.apple.com/artist/technoboy/id152845421', 'twitter': 'https://partyflock.nlhttps://twitter.com/djtechnoboy', 'youtube': 'https://partyflock.nlhttps://www.youtube.com/TechnoboyDJ', 'facebook': 'https://partyflock.nlhttps://www.facebook.com/195048320234'}
Frenkie V								
Al Passid								
Mörk	/artist/106418:Oyvind-Morken	man	Noorwegen	DJ				{'soundcloud': 'https://partyflock.nlhttps://soundcloud.com/oyvind-morken', 'facebook': 'https://partyflock.nlhttps://www.facebook.com/662111437'}
Optik								
Black Plastic	/artist/36151:Blackmass-Plastics		Verenigd Koninkrijk	DJ	breakbeat, drum & bass, electro			{}
Flash Grey								
Niceteed	/artist/118732:Niceteed	man	Italië	DJ	deephouse, house, techhouse	http://www.niceteed.com/		{'soundcloud': 'https://partyflock.nlhttps://soundcloud.com/niceteed', 'twitter': 'https://partyflock.nlhttps://twitter.com/niceteedmusic', 'instagram': 'https://partyflock.nlhttps://www.instagram.com/niceteed/', 'facebook': 'https://partyflock.nlhttps://www.facebook.com/372773196240944', 'youtube': 'https://partyflock.nlhttps://www.youtube.com/channel/UCPpg-wL0fknfLRfTAZ-OxOQ'}
Jamie O'Neill								
Flo Førg								
Oggadog								
Knowhat								
EMX								
Andrea Frisina	/artist/70295:Andrea-Frisina	man	Italië	DJ		http://www.andreafrisinamusic.eu/		{'soundcloud': 'https://partyflock.nlhttps://soundcloud.com/andreafrisinadj', 'facebook': 'https://partyflock.nlhttps://www.facebook.com/48144873465'}
Nicky Holloway								
Sami Dee								
Herbst	/artist/121975:Bastian-Herbst	man	Duitsland	DJ	deephouse, house, techhouse			{'soundcloud': 'https://partyflock.nlhttps://soundcloud.com/bastian_herbst_official', 'youtube': 'https://partyflock.nlhttps://www.youtube.com/user/Basti388', 'facebook': 'https://partyflock.nlhttps://www.facebook.com/253905031405045'}
Weight And Treble								
De Sluwe Vos	/artist/56631:De-Sluwe-Vos	man	Nederland	DJ, live act	house, techno		https://www.meanwhile.nl/artist/de-sluwe-vos/	{'soundcloud': 'https://partyflock.nlhttps://soundcloud.com/desluwevos', 'spotify': 'https://partyflock.nlhttps://open.spotify.com/artist/6NOaZCnZyowwJiTHbh5dLS', 'youtube': 'https://partyflock.nlhttps://www.youtube.com/thesluwevos', 'instagram': 'https://partyflock.nlhttps://www.instagram.com/desluwevos/', 'twitter': 'https://partyflock.nlhttps://twitter.com/desluwevos', 'facebook': 'https://partyflock.nlhttps://www.facebook.com/100000675061704'}
Vio PRG								
Jon Charnis	/artist/77346:Jon-Charnis	man	Verenigde Staten	DJ	deephouse, techhouse			{'soundcloud': 'https://partyflock.nlhttps://soundcloud.com/joncharnis', 'twitter': 'https://partyflock.nlhttps://www.twitter.com/joncharnis', 'facebook': 'https://partyflock.nlhttps://www.facebook.com/380900668692665'}
Sean Danke								
Kedr Livanskiy								
Monogum								
Divvorce								
Fusko								
Astrea								
Adrian Effe	/artist/79241:Adrian-Effe	man	Italië	DJ	electro, techno, tekno			{'soundcloud': 'https://partyflock.nlhttps://soundcloud.com/adrianeffe'}
Verity Mayes	/artist/94198:Maze-and-Masters	vrouw	Verenigd Koninkrijk	DJ	house, techno			{'soundcloud': 'https://partyflock.nlhttps://www.soundcloud.com/mazeandmasters', 'twitter': 'https://partyflock.nlhttps://www.twitter.com/mazeandmasters', 'facebook': 'https://partyflock.nlhttps://www.facebook.com/397291377018169'}
Vinez								
Laerlooper								
Gael	/artist/112536:Gaal	man	België	DJ	experimental, techno			{'soundcloud': 'https://partyflock.nlhttps://soundcloud.com/gaalbelgium', 'facebook': 'https://partyflock.nlhttps://www.facebook.com/1671561259576067'}
Gold Code	/artist/118599:Code-Orange	man	Verenigde Staten	band	post-hardcore	https://www.codeorangetoth.com/		{'spotify': 'https://partyflock.nlhttps://open.spotify.com/artist/6qtECqesbU29iftyeWmldK', 'youtube': 'https://partyflock.nlhttps://www.youtube.com/channel/UCRDAAwRszJt90FmM_A4-naQ', 'instagram': 'https://partyflock.nlhttps://www.instagram.com/codeorangetoth/', 'itunes': 'https://partyflock.nlhttps://itunes.apple.com/nl/artist/code-orange/1097572875', 'twitter': 'https://partyflock.nlhttps://twitter.com/codeorangetoth', 'facebook': 'https://partyflock.nlhttps://www.facebook.com/162474823794246'}
Adnan Sharif								
Richard Grey	/artist/82125:Richard-Grey	man	Verenigde Staten	DJ				{'twitter': 'https://partyflock.nlhttps://twitter.com/Richard_Grey', 'youtube': 'https://partyflock.nlhttps://www.youtube.com/user/richardgreytv', 'facebook': 'https://partyflock.nlhttps://www.facebook.com/552763011'}
Nochord								
Runeo								
Rich Furness	/artist/112909:Rich-Furness	man	Verenigd Koninkrijk	DJ	disco, dubstep, garage, grime, hip hop, house, jungle, reggae, techno			{'soundcloud': 'https://partyflock.nlhttps://soundcloud.com/richfurness', 'twitter': 'https://partyflock.nlhttps://twitter.com/richfurness', 'instagram': 'https://partyflock.nlhttps://www.instagram.com/richfurness/', 'facebook': 'https://partyflock.nlhttps://www.facebook.com/171679535925'}
x/o								
Albert Hipman								
Woodcut								
Dimë	/artist/88401:Mind-Dimension	man	Italië	DJ, live act	raw hardstyle			{'soundcloud': 'https://partyflock.nlhttps://soundcloud.com/mind_dimension1', 'facebook': 'https://partyflock.nlhttps://www.facebook.com/524369607611213'}
Madney Moon								
Lidell & Rubertsson	/artist/8586:Jamie-Lidell	man	Verenigd Koninkrijk	live act, producer	funk, soulful house			{}
Oranger								
Yair								
Rick Wren								
Dave Martins								
Semora								
Ricardo Vincenzo								
Danny Woof	/artist/79950:Danny-Woof	man	Nederland	DJ	house			{'soundcloud': 'https://partyflock.nlhttps://soundcloud.com/dannywoof', 'itunes': 'https://partyflock.nlhttp://itunes.apple.com/artist/danny-woof/id641607151', 'facebook': 'https://partyflock.nlhttps://www.facebook.com/100001275480654'}
Justin (US)								
Safe - T	/artist/108838:Safe-and-Sound	mix	Nederland	band	pop			{'facebook': 'https://partyflock.nlhttps://www.facebook.com/1785709225002498'}
Hector Lawrence								
Yas	/artist/14395:Loco-Dice	man	Duitsland	DJ	funk, groove, hip hop, house, triphop	http://www.locodice.com/		{'soundcloud': 'https://partyflock.nlhttps://soundcloud.com/locodiceofc', 'twitter': 'https://partyflock.nlhttps://twitter.com/LocoDiceOFC', 'instagram': 'https://partyflock.nlhttps://instagram.com/locodiceofc', 'facebook': 'https://partyflock.nlhttps://www.facebook.com/140368786216', 'youtube': 'https://partyflock.nlhttps://www.youtube.com/locodice'}
Robson	/artist/70222:Gorgon-City	man	Verenigd Koninkrijk	DJ, groep				{'soundcloud': 'https://partyflock.nlhttps://soundcloud.com/gorgon-city', 'twitter': 'https://partyflock.nlhttps://twitter.com/gorgoncity', 'instagram': 'https://partyflock.nlhttps://instagram.com/gorgoncity', 'facebook': 'https://partyflock.nlhttps://www.facebook.com/295573640504030', 'youtube': 'https://partyflock.nlhttps://www.youtube.com/user/GorgonCityVEVO'}
Benjamin Ruh								
Uden	/artist/80010:Yosee	vrouw	Nederland	zangeres	nederlandstalig			{'twitter': 'https://partyflock.nlhttps://twitter.com/yosee4you', 'facebook': 'https://partyflock.nlhttps://www.facebook.com/269903553047049'}
We Love Machines								
XAV&XAV;	/artist/71065:Supreems	man	België	8 × DJ, 3 × ?, groep	electro, house, techno			{'soundcloud': 'https://partyflock.nlhttps://soundcloud.com/supreems'}
Jason Rault								
Jinna Morocha								
Adam 303								
Vortechtral								
Thomas Palec	/artist/118705:Thomas-Palec	man	Polen	DJ	deep tech, minimal, techhouse, techno			{'soundcloud': 'https://partyflock.nlhttps://soundcloud.com/thomas_palec', 'youtube': 'https://partyflock.nlhttps://www.youtube.com/user/maydaypalecdj/videos?flow=grid&view=0', 'instagram': 'https://partyflock.nlhttps://www.instagram.com/thomas_palec/', 'facebook': 'https://partyflock.nlhttps://www.facebook.com/453053808064534'}
Xminder								
Hybrid	/artist/1019:Hybrid		Verenigd Koninkrijk	DJ				{}
Julian Castles								
Cherushii								
Nick Bassett								
Ha!	/artist/121165:Ha-Bah-Musicals-Nee-Joh-Kei-Leuk		Nederland	show				{}
Louderest								
Mesmer	/artist/63759:Mesmerizer		Frankrijk	DJ	psytrance			{'facebook': 'https://partyflock.nlhttps://www.facebook.com/78489768348'}
Labohr								
D'joseph								
Andrew Lu								
Jamie Brennan	/artist/76281:Husband	man	Australië	DJ	hardtechno, hardtrance			{'soundcloud': 'https://partyflock.nlhttps://soundcloud.com/djhusband'}
Mateo Sharuma								
Spectacle	/artist/122882:15-Years-Spectacle		België	show				{}
Dürch Magoo								
Clats								
Ernst&Palowski;	/artist/86903:Edlan	man	Nederland	DJ	drum & bass, dubstep, glitch, house	http://djedlan.nl/		{'soundcloud': 'https://partyflock.nlhttps://soundcloud.com/djedlan', 'twitter': 'https://partyflock.nlhttps://twitter.com/djedlan', 'youtube': 'https://partyflock.nlhttps://www.youtube.com/user/djedlan', 'facebook': 'https://partyflock.nlhttps://www.facebook.com/1458043254448225'}
Dan Styles								
Electronic Exultation								
ReeferCool								
XYPO								
Mac White	/artist/18750:Mach-1-DJ-Team	man		DJ	hardcore, hardstyle			{}
Enkidu Aktan								
Ange	/artist/88741:Angelo-King	man	Nederland	rapper	hip hop, r&b			{'soundcloud': 'https://partyflock.nlhttps://soundcloud.com/angelo-king', 'spotify': 'https://partyflock.nlhttps://open.spotify.com/artist/1Q0kuvgP9fC9Y5OCP1mzOV', 'youtube': 'https://partyflock.nlhttps://www.youtube.com/channel/UC4XG7EntwNIRdaYYKGV3hXA', 'instagram': 'https://partyflock.nlhttps://www.instagram.com/iamangeloking/', 'itunes': 'https://partyflock.nlhttp://itunes.apple.com/artist/angelo-king/id368912242', 'facebook': 'https://partyflock.nlhttps://www.facebook.com/1700897953529718'}
Telexketch								
Brenmar	/artist/62129:Brenmar	man	Verenigde Staten	DJ	electro, hip hop, house	http://brenmar.biz/		{'soundcloud': 'https://partyflock.nlhttps://soundcloud.com/brenmar', 'twitter': 'https://partyflock.nlhttps://twitter.com/BBRENMAR', 'facebook': 'https://partyflock.nlhttps://www.facebook.com/116074341736374'}
Jenny Furora	/artist/65479:Jenny-Furora	vrouw	Duitsland	DJ	deephouse, house, techhouse, techno			{'soundcloud': 'https://partyflock.nlhttps://www.soundcloud.com/jenny-furora'}
Qbeck								
Holy Other	/artist/63600:Holy-Other		Verenigd Koninkrijk	DJ	2step, r&b			{'soundcloud': 'https://partyflock.nlhttps://soundcloud.com/holyother', 'twitter': 'https://partyflock.nlhttps://twitter.com/h0lyother', 'youtube': 'https://partyflock.nlhttps://www.youtube.com/user/HOLYOTHER', 'facebook': 'https://partyflock.nlhttps://www.facebook.com/100512833336267'}
Code Icarus								
El Catrin								
Baz Madej								
Risico	/artist/45546:Risico	man	Nederland	MC				{}
Carl Suspect								
DeMore	/artist/53171:Tim-DeMore	man	Nederland	DJ, producer	electro, house, minimal, progressive trance, techhouse	http://www.timdemore.com/		{'soundcloud': 'https://partyflock.nlhttps://soundcloud.com/timdemore', 'facebook': 'https://partyflock.nlhttps://www.facebook.com/100001508063612'}
Fabri Cecchinelli								
Loftt								
Bukt								
Kane Roth								
Jeremy Hyman								
DJ Alex Graham								
The Note V	/artist/104325:The-Note-V	man	Mexico	DJ				{'soundcloud': 'https://partyflock.nlhttps://soundcloud.com/the-note-v', 'spotify': 'https://partyflock.nlhttps://open.spotify.com/artist/3tliIpA3W7YnjWu8N9J4zb', 'youtube': 'https://partyflock.nlhttps://www.youtube.com/user/TheNoteV', 'instagram': 'https://partyflock.nlhttps://www.instagram.com/the_note_v/', 'twitter': 'https://partyflock.nlhttps://twitter.com/TheNoteV', 'facebook': 'https://partyflock.nlhttps://www.facebook.com/461626323897364'}
Flux Pavilion	/artist/70225:Flux-Pavilion	man	Verenigd Koninkrijk	DJ, live act	dubstep			{'soundcloud': 'https://partyflock.nlhttps://soundcloud.com/flux-pavilion', 'itunes': 'https://partyflock.nlhttp://itunes.apple.com/artist/flux-pavilion/id320239411', 'facebook': 'https://partyflock.nlhttps://www.facebook.com/52024958797'}
C.H.I.C.H.I.								
Rose Hips								
Black Peters	/artist/67579:Blackburn	man	Nederland	DJ	early hardstyle, hardstyle, raw hardstyle			{'soundcloud': 'https://partyflock.nlhttps://soundcloud.com/djblackburnNL', 'twitter': 'https://partyflock.nlhttps://twitter.com/djblackburnNL', 'instagram': 'https://partyflock.nlhttps://instagram.com/djblackburnNL', 'facebook': 'https://partyflock.nlhttps://www.facebook.com/265161253561467', 'youtube': 'https://partyflock.nlhttps://www.youtube.com/djblackburnNL'}
Mark Synth								
Danny Faber	/artist/58259:Danny-Faber	man	Duitsland	DJ	minimal, techno			{'soundcloud': 'https://partyflock.nlhttps://soundcloud.com/dannyfaber', 'facebook': 'https://partyflock.nlhttps://www.facebook.com/409370939147912'}
Biralo								
Cantoma								
Daniel Greenx								
Matteo Melillo								
DJ Colette								
Tempza	/artist/78058:Tempza	man	Verenigd Koninkrijk	MC	drum & bass			{'twitter': 'https://partyflock.nlhttps://twitter.com/MCTempza', 'facebook': 'https://partyflock.nlhttps://www.facebook.com/199716042'}
Gustavo Rodrigues								
Chevals								
Frankie Devine								
Michael Rosa	/artist/86412:Miike-Rosas	man	Nederland	DJ				{'soundcloud': 'https://partyflock.nlhttps://soundcloud.com/miike-rosas', 'twitter': 'https://partyflock.nlhttps://twitter.com/MiikeRosas', 'facebook': 'https://partyflock.nlhttps://www.facebook.com/488597091240857'}
Rico Tempo								
Tasya								
Stephane K								
Steve L	/artist/115327:Steven-L	man	België	DJ	house, techhouse			{'soundcloud': 'https://partyflock.nlhttps://soundcloud.com/steven_l', 'facebook': 'https://partyflock.nlhttps://www.facebook.com/100001521592168'}
Henry Kohn								
Contan								
JunkShop								
Fairless Brothers								
Joseph Wickins								
Matura								
Natalia	/artist/115921:Poison-Arrow	vrouw		DJ				{'soundcloud': 'https://partyflock.nlhttps://soundcloud.com/poison_arrow', 'spotify': 'https://partyflock.nlhttps://open.spotify.com/artist/30eEzW8L0tAXql4b9l05Cj', 'instagram': 'https://partyflock.nlhttps://www.instagram.com/poison.arrow/', 'facebook': 'https://partyflock.nlhttps://www.facebook.com/975747322585392'}
Rhythm&Soul;	/artist/38061:Rob-Da-Rhythm	man	Schotland	DJ	terror, uptempo hardcore		http://www.twistedartists.com/artists.php?artist=robdarhythm	{'soundcloud': 'https://partyflock.nlhttps://soundcloud.com/robdarhythm', 'instagram': 'https://partyflock.nlhttps://www.instagram.com/robdarhythm/', 'facebook': 'https://partyflock.nlhttps://www.facebook.com/168969089805108'}
Mark Farry								
Jibb	/artist/109934:Jibber-Jabber-and-The-Jams	mix	Nederland	band	punk, rock & roll			{'spotify': 'https://partyflock.nlhttps://open.spotify.com/artist/7kEeFNhZ09R8zy4gtueeEI', 'instagram': 'https://partyflock.nlhttps://www.instagram.com/jibberjabberandthejams/', 'facebook': 'https://partyflock.nlhttps://www.facebook.com/175053386312672'}
Syd Gris								
Forniva								
DJ Loui	/artist/39380:Drumlander-DJ	man	Nederland	DJ	acid, ambient, breakbeat, breakcore, disco, drum & bass, eclectic, electro, tekno			{}
ØstFlux!								
Ark3r								
John Gomi								
J.D.Feva								
Perrengue								
Jeff dble F	/artist/96938:Jeff-dble-F	man	België	DJ	techhouse, techno			{'soundcloud': 'https://partyflock.nlhttps://soundcloud.com/Jeff-dble-f', 'facebook': 'https://partyflock.nlhttps://www.facebook.com/1562386484073134'}
Skytree								
Leo Yamane								
Mystic Modern								
Max T	/artist/116365:Tactical-T	man	Nederland	DJ	acid, electro, house, techno			{'soundcloud': 'https://partyflock.nlhttps://soundcloud.com/tactical_t', 'facebook': 'https://partyflock.nlhttps://www.facebook.com/326914890653016'}
Just Geo	/artist/122231:Godflesh	man	Verenigd Koninkrijk	band		https://www.godflesh.com		{'soundcloud': 'https://partyflock.nlhttps://soundcloud.com/godflesh-2', 'twitter': 'https://partyflock.nlhttps://twitter.com/JKBroadrick', 'spotify': 'https://partyflock.nlhttps://open.spotify.com/artist/5A4ebXQf38xWIq0xSWLhsS', 'facebook': 'https://partyflock.nlhttps://www.facebook.com/11374368195'}
Josuah Castillo								
Fredy DC								
Jana Woodstock								
Coam								
Lusty Zanzibar								
Jeremiah Jae	/artist/60802:Jeremiah-Jae	man	Verenigde Staten	DJ	electro, hip hop			{}
Mac Antrobes								
Jon Edge								
Kevin Osha								
Hisham	/artist/96058:Hisham-Zahran	man	Egypte	DJ	deephouse			{'soundcloud': 'https://partyflock.nlhttps://soundcloud.com/hishamzahran', 'facebook': 'https://partyflock.nlhttps://www.facebook.com/702596057'}
Ivan Gafer								
Sibéri	/artist/92675:Siberian-meat-Grinder	man	Rusland	band				{'facebook': 'https://partyflock.nlhttps://www.facebook.com/193058230764031'}
Stassy & Wilck	/artist/60001:Stassy	man	Duitsland	DJ	techhouse, techno			{'soundcloud': 'https://partyflock.nlhttps://soundcloud.com/stassymusic', 'facebook': 'https://partyflock.nlhttps://www.facebook.com/293176697464476'}
Daniel Araya								
Hyperdam								
Alex Schaufel	/artist/105629:Alex-Schaufel	man	Italië	DJ	deephouse, techno			{'soundcloud': 'https://partyflock.nlhttps://soundcloud.com/alex-schaufel', 'instagram': 'https://partyflock.nlhttps://www.instagram.com/alex_schaufel/', 'facebook': 'https://partyflock.nlhttps://www.facebook.com/1535681716685544'}
André Marvin								
Kozlowski								
MM:MS								
Masahiko Takeda								
Eric van Holland	/artist/62606:Eric-van-Holland	man	Nederland	DJ	deephouse, garage, house, soulful house			{'soundcloud': 'https://partyflock.nlhttps://soundcloud.com/ericvanholland', 'twitter': 'https://partyflock.nlhttps://twitter.com/ericvanholland', 'facebook': 'https://partyflock.nlhttps://www.facebook.com/100000820278486'}
Mel Hammond								
Budolars								
Redondo	/artist/57196:Redondo	man	Nederland	DJ	house, progressive trance, techhouse		http://www.davidlewis.nl/	{'soundcloud': 'https://partyflock.nlhttps://soundcloud.com/redondo', 'youtube': 'https://partyflock.nlhttps://www.youtube.com/redondopromotion', 'instagram': 'https://partyflock.nlhttps://instagram.com/redondomusic', 'itunes': 'https://partyflock.nlhttp://itunes.apple.com/artist/redondo/id316024022', 'twitter': 'https://partyflock.nlhttps://twitter.com/redondomusicnl', 'facebook': 'https://partyflock.nlhttps://www.facebook.com/138292236190049'}
Miss Kelly Marie	/artist/33536:Miss-Kelly-Marie	vrouw	Verenigd Koninkrijk	DJ	house	http://www.hedkandi.com		{}
Muza Yakuza								
Filippo Giaccaglia								
Sam Bailey								
Nom de Guerre								
DCO	/artist/89123:dconvict	man	België	DJ	drum & bass			{'soundcloud': 'https://partyflock.nlhttps://soundcloud.com/dconvict', 'facebook': 'https://partyflock.nlhttps://www.facebook.com/140993379322391'}
Uppermost								
Ishio Dai								
