artist_name	artist_page_url	gender	born	position	genres	site	booking	external_links
Upsammy	/artist/102433:upsammy	vrouw	Nederland	DJ	ambient, electro			{'soundcloud': 'https://partyflock.nlhttps://soundcloud.com/upsammy', 'facebook': 'https://partyflock.nlhttps://www.facebook.com/1417774441860524'}
Anthony Naples	/artist/75344:Anthony-Naples	man	Verenigde Staten	DJ, live act	house, techno		http://www.surefireagency.com/	{'twitter': 'https://partyflock.nlhttps://twitter.com/_anthonynaples'}
James Holden	/artist/107456:James-Holden-and-The-Animal-Spirits		Verenigd Koninkrijk	band	jazz, progressive trance			{'soundcloud': 'https://partyflock.nlhttps://soundcloud.com/jamesholdentheanimalspirits'}
Marcel Fengler	/artist/48333:Marcel-Fengler	man	Duitsland	DJ	techno		http://ostgut.de/	{'soundcloud': 'https://partyflock.nlhttps://soundcloud.com/marcel-fengler', 'itunes': 'https://partyflock.nlhttp://itunes.apple.com/artist/marcel-fengler/id309704430', 'facebook': 'https://partyflock.nlhttps://www.facebook.com/161687607234760'}
Mirella Kroes	/artist/38018:Mirella-Kroes	vrouw	Nederland	DJ	house, techno		https://www.meanwhile.nl/artist/mirella-kroes/	{'soundcloud': 'https://partyflock.nlhttps://soundcloud.com/mirella-kroes', 'facebook': 'https://partyflock.nlhttps://www.facebook.com/192066107501745', 'youtube': 'https://partyflock.nlhttps://www.youtube.com/user/Mirellakroes', 'instagram': 'https://partyflock.nlhttps://www.instagram.com/mirella.kroes/'}
Eddie C	/artist/69454:Eddie-C	man	Canada	DJ	deephouse, disco		http://www.lovecity-central.com/	{'soundcloud': 'https://partyflock.nlhttps://soundcloud.com/eddiec', 'facebook': 'https://partyflock.nlhttps://www.facebook.com/113541568696320'}
Phase Fatale	/artist/89031:Phase-Fatale	man	Duitsland	DJ	techno	http://phasefatale.com/		{'soundcloud': 'https://partyflock.nlhttps://soundcloud.com/phasefatale', 'facebook': 'https://partyflock.nlhttps://www.facebook.com/706766572677187'}
Caribou	/artist/53346:Caribou	man	Canada	DJ, live act, groep		http://www.caribou.fm/		{'soundcloud': 'https://partyflock.nlhttps://soundcloud.com/caribouband', 'twitter': 'https://partyflock.nlhttps://twitter.com/caribouband', 'facebook': 'https://partyflock.nlhttps://www.facebook.com/256045297820', 'youtube': 'https://partyflock.nlhttps://www.youtube.com/user/CaribouVideos'}
Latmun	/artist/95878:Latmun	man	Verenigd Koninkrijk	DJ, live act, producer	house, techhouse, techno			{'soundcloud': 'https://partyflock.nlhttps://soundcloud.com/latmun', 'twitter': 'https://partyflock.nlhttps://twitter.com/latmun', 'facebook': 'https://partyflock.nlhttps://www.facebook.com/149917225162669', 'instagram': 'https://partyflock.nlhttps://www.instagram.com/latmundj/'}
Dyed Soundorom	/artist/63328:Apollonia	man	Frankrijk	DJ, groep	deephouse, techhouse, techno		http://www.lola-ed.com/labels/apollonia	{'soundcloud': 'https://partyflock.nlhttps://soundcloud.com/apolloniamusic', 'facebook': 'https://partyflock.nlhttps://www.facebook.com/260937733979247'}
Dave Aju	/artist/53937:Dave-Aju	man	Verenigde Staten	DJ, live act			http://magnet-musik.de/	{'facebook': 'https://partyflock.nlhttps://www.facebook.com/121620111246957'}
Zozo	/artist/99491:Zozo	vrouw	Turkije	DJ				{'soundcloud': 'https://partyflock.nlhttps://soundcloud.com/zozo-on-soundcloud', 'facebook': 'https://partyflock.nlhttps://www.facebook.com/1520224024939876'}
Moxie	/artist/86806:Moxie	vrouw	Verenigd Koninkrijk	DJ	bass, garage, grime, house, UK bass	http://djmoxie.com/		{'soundcloud': 'https://partyflock.nlhttps://soundcloud.com/djmoxie', 'twitter': 'https://partyflock.nlhttps://www.twitter.com/DJMoxie', 'facebook': 'https://partyflock.nlhttps://www.facebook.com/251475859362'}
Ray Okpara	/artist/29237:Ray-Okpara	man	Duitsland	DJ, live act	house, techno	http://www.rajo-music.com/		{'soundcloud': 'https://partyflock.nlhttps://soundcloud.com/rayokpara', 'twitter': 'https://partyflock.nlhttps://twitter.com/rayokpara', 'facebook': 'https://partyflock.nlhttps://www.facebook.com/114508938309'}
Kobosil	/artist/82057:Kobosil	man	Duitsland	DJ, live act, producer	techno		http://ostgut.de/	{'soundcloud': 'https://partyflock.nlhttps://soundcloud.com/kobosil', 'facebook': 'https://partyflock.nlhttps://www.facebook.com/200677726648116'}
Marc Houle	/artist/23405:Marc-Houle	man	Canada	DJ, live act	minimal	http://www.marchoule.net/		{'soundcloud': 'https://partyflock.nlhttps://soundcloud.com/marchoule', 'twitter': 'https://partyflock.nlhttps://twitter.com/MarcRHoule', 'facebook': 'https://partyflock.nlhttps://www.facebook.com/128817759178', 'youtube': 'https://partyflock.nlhttps://www.youtube.com/user/MarcRHoule'}
Seuil	/artist/63329:Hold-Youth	man	Frankrijk	DJ	house, techhouse, techno			{}
Daniel Bortz	/artist/63058:Daniel-Bortz	man	Duitsland	DJ	electro, house, techno			{'soundcloud': 'https://partyflock.nlhttps://soundcloud.com/danielbortz', 'facebook': 'https://partyflock.nlhttps://www.facebook.com/199419012736'}
Raresh	/artist/34195:Raresh	man	Roemenië	DJ	minimal, techhouse, techno		http://www.cocoon.net/	{'itunes': 'https://partyflock.nlhttps://itunes.apple.com/artist/arpiar-a.k.a.-raresh/id286350993', 'facebook': 'https://partyflock.nlhttps://www.facebook.com/191055057591883'}
Will Saul	/artist/37052:Chase-and-Status	man	Verenigd Koninkrijk	DJ, groep	2step, breakbeat, drum & bass, hip hop			{'soundcloud': 'https://partyflock.nlhttps://soundcloud.com/chaseandstatus', 'youtube': 'https://partyflock.nlhttps://www.youtube.com/user/ChaseAndStatusVEVO', 'spotify': 'https://partyflock.nlhttps://open.spotify.com/artist/3jNkaOXasoc7RsxdchvEVq', 'twitter': 'https://partyflock.nlhttps://twitter.com/chaseandstatus', 'facebook': 'https://partyflock.nlhttps://www.facebook.com/32209995973', 'instagram': 'https://partyflock.nlhttps://www.instagram.com/chaseandstatus/'}
DJ Boring								
Huerco S								
Hannah Wants	/artist/78982:Hannah-Wants	vrouw	Verenigd Koninkrijk	DJ	house	http://www.hannahwants.com/	http://www.echolocationtalent.com/	{'soundcloud': 'https://partyflock.nlhttps://soundcloud.com/hannah_wants', 'twitter': 'https://partyflock.nlhttps://twitter.com/hannah_wants', 'facebook': 'https://partyflock.nlhttps://www.facebook.com/295493487148735', 'instagram': 'https://partyflock.nlhttps://instagram.com/hannah_wants'}
SØS Gunver Ryberg	/artist/110108:SOS-Gunver-Ryberg		Denemarken	live act		http://sosgunverryberg.com/	http://poly.am/sosgunverryberg.html	{'soundcloud': 'https://partyflock.nlhttps://soundcloud.com/soesgunverryberg', 'facebook': 'https://partyflock.nlhttps://www.facebook.com/1484011905210811'}
Gwenan	/artist/102874:Gwenan	vrouw	Verenigd Koninkrijk	DJ				{'soundcloud': 'https://partyflock.nlhttps://soundcloud.com/gwenans', 'twitter': 'https://partyflock.nlhttps://twitter.com/gwenanspearing?lang=en', 'facebook': 'https://partyflock.nlhttps://www.facebook.com/36904534'}
Larry Heard	/artist/36312:Larry-Heard	man	Verenigde Staten	DJ, live act	deephouse, house, IDM			{'soundcloud': 'https://partyflock.nlhttps://soundcloud.com/larryheardofficial', 'facebook': 'https://partyflock.nlhttps://www.facebook.com/567255265'}
Janeret	/artist/93809:Janeret	man	Frankrijk	DJ			http://yoyaku.agency/	{'soundcloud': 'https://partyflock.nlhttps://soundcloud.com/Janeret', 'facebook': 'https://partyflock.nlhttps://www.facebook.com/279805465384060'}
Joris Voorn	/artist/4584:Joris-Voorn	man	Nederland	DJ, live act	ambient, techno	http://www.jorisvoorn.com/		{'soundcloud': 'https://partyflock.nlhttps://soundcloud.com/joris-voorn', 'twitter': 'https://partyflock.nlhttps://twitter.com/jorisvoorn', 'facebook': 'https://partyflock.nlhttps://www.facebook.com/15165307788', 'youtube': 'https://partyflock.nlhttps://www.youtube.com/user/jorisvoorndj'}
Mark Broom	/artist/2681:Mark-Broom	man	Verenigd Koninkrijk	DJ	electro, techno	http://www.markbroom.co.uk/		{'soundcloud': 'https://partyflock.nlhttps://soundcloud.com/beardman', 'facebook': 'https://partyflock.nlhttps://www.facebook.com/351378814943592'}
Danny Daze	/artist/65814:Danny-Daze	man	Verenigde Staten	DJ	deephouse, house, techhouse			{'soundcloud': 'https://partyflock.nlhttps://soundcloud.com/dannydaze', 'twitter': 'https://partyflock.nlhttps://www.twitter.com/dannydaze', 'facebook': 'https://partyflock.nlhttps://www.facebook.com/158911390832200', 'youtube': 'https://partyflock.nlhttps://www.youtube.com/user/FreakShowHoe'}
Red Axes	/artist/89900:Red-Axes	man	Israël	DJ, live act, groep				{'soundcloud': 'https://partyflock.nlhttps://soundcloud.com/redaxes', 'facebook': 'https://partyflock.nlhttps://www.facebook.com/112609205494983', 'youtube': 'https://partyflock.nlhttps://www.youtube.com/channel/UCtHlsHR47lUXvBEpTmAEjUw', 'spotify': 'https://partyflock.nlhttps://open.spotify.com/artist/5Owm9QgL9BSCRQKTX6T08G'}
Sasha	/artist/108389:Seyram-Sashay	vrouw	Nederland	DJ	afro, hip hop, house, r&b			{'soundcloud': 'https://partyflock.nlhttps://soundcloud.com/ladysasefras', 'facebook': 'https://partyflock.nlhttps://www.facebook.com/1641423525914706', 'instagram': 'https://partyflock.nlhttps://www.instagram.com/seyram.sashay/'}
James Zabiela	/artist/3112:James-Zabiela	man	Verenigd Koninkrijk	DJ, producer	breakbeat, house, progressive trance, techno		http://www.wearee.nl/	{'soundcloud': 'https://partyflock.nlhttps://soundcloud.com/jameszabiela', 'twitter': 'https://partyflock.nlhttps://twitter.com/jameszabiela', 'facebook': 'https://partyflock.nlhttps://www.facebook.com/5587108598'}
Mala	/artist/90788:Malaa		Frankrijk	DJ		http://malaamusic.com/		{'soundcloud': 'https://partyflock.nlhttps://soundcloud.com/malaamusic', 'twitter': 'https://partyflock.nlhttps://twitter.com/Malaamusic', 'facebook': 'https://partyflock.nlhttps://www.facebook.com/879174875483495', 'spotify': 'https://partyflock.nlhttps://open.spotify.com/artist/7w1eTNePApzDk8XtgykCPS', 'instagram': 'https://partyflock.nlhttps://www.instagram.com/malaamusic/'}
rRoxymore	/artist/79044:rRoxymore	vrouw	Duitsland	DJ				{'soundcloud': 'https://partyflock.nlhttps://soundcloud.com/rroxymore', 'twitter': 'https://partyflock.nlhttps://twitter.com/Rroxymore', 'facebook': 'https://partyflock.nlhttps://www.facebook.com/347543760383', 'instagram': 'https://partyflock.nlhttps://www.instagram.com/rroxymore/'}
DJ EZ								
Analog Soul	/artist/112614:Analog-Soul	vrouw	Verenigde Staten	1 × ?, groep				{'soundcloud': 'https://partyflock.nlhttps://soundcloud.com/analogsoul_nyc', 'facebook': 'https://partyflock.nlhttps://www.facebook.com/198192486874077'}
Fred P								
Lee Burridge	/artist/11074:Lee-Burridge	man	Verenigd Koninkrijk	DJ	progressive trance	http://www.leeburridge.com/		{'soundcloud': 'https://partyflock.nlhttps://soundcloud.com/leeburridge', 'twitter': 'https://partyflock.nlhttps://twitter.com/leebu', 'facebook': 'https://partyflock.nlhttps://www.facebook.com/140855892645152', 'itunes': 'https://partyflock.nlhttp://itunes.apple.com/artist/lee-burridge/id262825528'}
Kode9	/artist/31377:Kode9	man	Verenigd Koninkrijk	DJ	dubstep			{'soundcloud': 'https://partyflock.nlhttps://soundcloud.com/kodenine', 'twitter': 'https://partyflock.nlhttps://twitter.com/kodenine', 'instagram': 'https://partyflock.nlhttps://www.instagram.com/kode9/', 'spotify': 'https://partyflock.nlhttps://open.spotify.com/artist/5Z3GyWBvJZgJ35TS0cmXll'}
DJ Fett Burger								
Trevor Jackson	/artist/68699:Trevor-Jackson	man	Verenigd Koninkrijk	DJ	house	http://trevor-jackson.com/		{'soundcloud': 'https://partyflock.nlhttps://soundcloud.com/TREVOR-JACKSON', 'facebook': 'https://partyflock.nlhttps://www.facebook.com/743670700'}
Job Jobse	/artist/57374:Job-Jobse	man	Nederland	DJ	deephouse, disco, house			{'soundcloud': 'https://partyflock.nlhttps://soundcloud.com/jobjobse', 'facebook': 'https://partyflock.nlhttps://www.facebook.com/255055421196558'}
LCD Soundsystem	/artist/24813:LCD-Soundsystem	man	Verenigde Staten	live act, soundsystem, band	disco, house, punk	http://www.lcdsoundsystem.com/		{'twitter': 'https://partyflock.nlhttps://twitter.com/lcdsoundsystem', 'facebook': 'https://partyflock.nlhttps://www.facebook.com/12429835443', 'instagram': 'https://partyflock.nlhttps://www.instagram.com/lcdsoundsystem/'}
Joyce Muniz	/artist/70507:Joyce-Muniz	vrouw	Brazilië	DJ	deephouse, electro, house, techno			{'soundcloud': 'https://partyflock.nlhttps://soundcloud.com/joytoy', 'facebook': 'https://partyflock.nlhttps://www.facebook.com/156285467749732', 'instagram': 'https://partyflock.nlhttps://www.instagram.com/joycemunizmusic/'}
Roman Flügel	/artist/20776:Roman-Flugel	man	Duitsland	DJ	electro	http://romanfluegel.de/		{'soundcloud': 'https://partyflock.nlhttps://soundcloud.com/roman-fluegel', 'twitter': 'https://partyflock.nlhttps://twitter.com/romanfluegel', 'facebook': 'https://partyflock.nlhttps://www.facebook.com/136401399715378', 'youtube': 'https://partyflock.nlhttps://www.youtube.com/channel/UC2ujHf8A3M3YMdClInL_KdA', 'spotify': 'https://partyflock.nlhttps://open.spotify.com/artist/2GvwZbDjH1DbQpodGKENDw'}
Tensnake	/artist/54731:Tensnake	man	Duitsland	DJ, live act	house, minimal	http://www.tensnake.com/		{'soundcloud': 'https://partyflock.nlhttps://www.soundcloud.com/tensnake', 'twitter': 'https://partyflock.nlhttps://www.twitter.com/tensnake', 'facebook': 'https://partyflock.nlhttps://www.facebook.com/44973344453', 'instagram': 'https://partyflock.nlhttps://www.instagram.com/tensnake'}
Joel Mull	/artist/377:Joel-Mull	man	Zweden	DJ, producer	electro, house, techno			{'soundcloud': 'https://partyflock.nlhttps://soundcloud.com/joelmull', 'instagram': 'https://partyflock.nlhttps://www.instagram.com/joel_mull/', 'facebook': 'https://partyflock.nlhttps://www.facebook.com/55643268108', 'spotify': 'https://partyflock.nlhttps://open.spotify.com/artist/5YkaiMo0QXuVtdWycChYSP'}
Jlin	/artist/93492:Jlin	vrouw	Verenigde Staten	DJ, live act			http://planet.mu/artists/jlin/	{'soundcloud': 'https://partyflock.nlhttps://soundcloud.com/jlinnarlei', 'twitter': 'https://partyflock.nlhttps://twitter.com/Jlin_P', 'facebook': 'https://partyflock.nlhttps://www.facebook.com/248981191792930', 'instagram': 'https://partyflock.nlhttps://www.instagram.com/jlin_p/'}
Kerri Chandler	/artist/7377:Kerri-Chandler		Verenigde Staten	DJ	house	http://www.kerrichandler.com/		{'soundcloud': 'https://partyflock.nlhttps://soundcloud.com/kerri-chandler', 'itunes': 'https://partyflock.nlhttp://itunes.apple.com/artist/kerri-chandler/id7232907', 'facebook': 'https://partyflock.nlhttps://www.facebook.com/414449598607604', 'youtube': 'https://partyflock.nlhttps://www.youtube.com/user/Kerri623Chandler'}
Marco Shuttle	/artist/74656:Marco-Shuttle	man	Italië	DJ				{'soundcloud': 'https://partyflock.nlhttps://soundcloud.com/marco_shuttle', 'facebook': 'https://partyflock.nlhttps://www.facebook.com/657686867620346'}
Detroit Swindle	/artist/62721:Detroit-Swindle	man	Nederland	DJ, live act, groep	deephouse, disco, house	http://www.detroitswindle.com/		{'soundcloud': 'https://partyflock.nlhttps://www.soundcloud.com/detroitswindle', 'itunes': 'https://partyflock.nlhttps://itunes.apple.com/artist/detroit-swindle/id516390097', 'spotify': 'https://partyflock.nlhttps://open.spotify.com/artist/6hJtgCB3L5cnJSND7sp6GU', 'twitter': 'https://partyflock.nlhttps://twitter.com/detroitswindle', 'facebook': 'https://partyflock.nlhttps://www.facebook.com/139429466097238', 'instagram': 'https://partyflock.nlhttps://www.instagram.com/detroitswindle/'}
Monkey Safari	/artist/71865:Monkey-Safari	man	Duitsland	DJ, groep	deephouse, house	http://www.monkeysafari.de/	http://jackmode.de/	{'soundcloud': 'https://partyflock.nlhttps://soundcloud.com/monkeysafari', 'twitter': 'https://partyflock.nlhttps://twitter.com/monkeysafari', 'facebook': 'https://partyflock.nlhttps://www.facebook.com/10150092506135602'}
Point G	/artist/76402:Point-G	man	Frankrijk	DJ, live act			http://rt-agency.com/	{'soundcloud': 'https://partyflock.nlhttps://soundcloud.com/point-g-3', 'facebook': 'https://partyflock.nlhttps://www.facebook.com/343126162422994', 'youtube': 'https://partyflock.nlhttps://www.youtube.com/user/pointgofc'}
Andy C	/artist/1351:Andy-C	man	Verenigd Koninkrijk	DJ	drum & bass, electro, jungle	http://www.andyc.cc/		{'soundcloud': 'https://partyflock.nlhttps://www.soundcloud.com/andyc_ram', 'twitter': 'https://partyflock.nlhttps://twitter.com/andyc_ram', 'facebook': 'https://partyflock.nlhttps://www.facebook.com/22269741892', 'youtube': 'https://partyflock.nlhttps://www.youtube.com/user/andycofficial'}
Shonky	/artist/63328:Apollonia	man	Frankrijk	DJ, groep	deephouse, techhouse, techno		http://www.lola-ed.com/labels/apollonia	{'soundcloud': 'https://partyflock.nlhttps://soundcloud.com/apolloniamusic', 'facebook': 'https://partyflock.nlhttps://www.facebook.com/260937733979247'}
Lauren Ritter	/artist/84754:Lauren-Ritter	vrouw	Verenigde Staten	DJ	deephouse, techno			{'soundcloud': 'https://partyflock.nlhttps://soundcloud.com/laurenritter', 'facebook': 'https://partyflock.nlhttps://www.facebook.com/272703182821638'}
Cashmere Cat	/artist/73469:Cashmere-Cat	man	Noorwegen	DJ	house	http://www.cashmerecat.com/		{'soundcloud': 'https://partyflock.nlhttps://soundcloud.com/cashmerecat', 'twitter': 'https://partyflock.nlhttps://twitter.com/CASHMERECAT', 'facebook': 'https://partyflock.nlhttps://www.facebook.com/114072805335396', 'instagram': 'https://partyflock.nlhttps://instagram.com/CashmereCat', 'itunes': 'https://partyflock.nlhttps://itunes.apple.com/artist/cashmere-cat/id567455167'}
Redshape	/artist/35055:Redshape	man	Duitsland	live act, DJ		http://www.shapedworld.com/		{'soundcloud': 'https://partyflock.nlhttps://soundcloud.com/redshape', 'twitter': 'https://partyflock.nlhttps://www.twitter.com/redshape', 'facebook': 'https://partyflock.nlhttps://www.facebook.com/195259385225'}
The Drifter	/artist/75138:The-Drifter	man	Ierland	DJ			http://sweatlodgeagency.com/	{'soundcloud': 'https://partyflock.nlhttps://soundcloud.com/thedriftersound', 'facebook': 'https://partyflock.nlhttps://www.facebook.com/183783148336832'}
Karizma	/artist/44483:Karizma	man	Verenigde Staten	DJ, producer	funk, groove, house			{'soundcloud': 'https://partyflock.nlhttps://soundcloud.com/kaytronik', 'twitter': 'https://partyflock.nlhttps://twitter.com/KAYTRONIK', 'facebook': 'https://partyflock.nlhttps://www.facebook.com/557125543'}
Margaret Dygas	/artist/34852:Margaret-Dygas	vrouw	Polen	DJ	house, minimal, techno			{'soundcloud': 'https://partyflock.nlhttps://soundcloud.com/margaret', 'facebook': 'https://partyflock.nlhttps://www.facebook.com/96801153486', 'spotify': 'https://partyflock.nlhttps://open.spotify.com/artist/6GnLE3Ncm59wsLSqF9divg'}
Sunil Sharpe	/artist/85973:Sunil-Sharpe	man	Ierland	DJ				{'soundcloud': 'https://partyflock.nlhttps://soundcloud.com/sunilsharpe', 'twitter': 'https://partyflock.nlhttps://twitter.com/sunilsharpe', 'facebook': 'https://partyflock.nlhttps://www.facebook.com/130320310412020'}
Alex Niggemann	/artist/54681:Alex-Niggemann	man	Duitsland	DJ	house, minimal, techhouse, techno	http://www.alexniggemann.com/	http://wearee.nl/	{'soundcloud': 'https://partyflock.nlhttps://soundcloud.com/alexniggemann', 'facebook': 'https://partyflock.nlhttps://www.facebook.com/58011396097', 'youtube': 'https://partyflock.nlhttps://www.youtube.com/user/alexniggemann'}
Xhin	/artist/59022:Xhin		Singapore	live act, DJ	minimal, techhouse, techno	http://www.xhin.com/		{'soundcloud': 'https://partyflock.nlhttps://soundcloud.com/xhin', 'facebook': 'https://partyflock.nlhttps://www.facebook.com/91886026023'}
Max Cooper	/artist/97443:Stereoclip	man	België	DJ, live act	deephouse, electro			{'soundcloud': 'https://partyflock.nlhttps://soundcloud.com/stereoclip', 'facebook': 'https://partyflock.nlhttps://www.facebook.com/164075696961861', 'youtube': 'https://partyflock.nlhttps://www.youtube.com/user/stereoclip', 'instagram': 'https://partyflock.nlhttps://www.instagram.com/stereoclipbe/'}
TOXE								
Pessimist	/artist/110096:Pessimist	man	Verenigd Koninkrijk	DJ	drum & bass			{'soundcloud': 'https://partyflock.nlhttps://soundcloud.com/pessimist', 'twitter': 'https://partyflock.nlhttps://twitter.com/Pessimistdnb', 'facebook': 'https://partyflock.nlhttps://www.facebook.com/176880789025892'}
Madam X								
Axel Boman	/artist/56898:Axel-Boman	man	Zweden	DJ	deephouse, disco, house, techhouse, techno			{'soundcloud': 'https://partyflock.nlhttps://soundcloud.com/axelboman', 'itunes': 'https://partyflock.nlhttp://itunes.apple.com/artist/axel-boman/id271636451', 'facebook': 'https://partyflock.nlhttps://www.facebook.com/160969600625535'}
Vril	/artist/65398:VRIL	man	Duitsland	live act	techno		http://www.dystopian.de/	{'facebook': 'https://partyflock.nlhttps://www.facebook.com/362858947226694'}
Steve Bug	/artist/3742:Steve-Bug	man	Duitsland	DJ	deephouse, minimal, techhouse, techno	http://www.stevebug.com/	http://www.geist-agency.com/	{'soundcloud': 'https://partyflock.nlhttps://soundcloud.com/stevebug', 'itunes': 'https://partyflock.nlhttp://itunes.apple.com/artist/steve-bug/id3824571', 'youtube': 'https://partyflock.nlhttps://www.youtube.com/user/SteveBugTV', 'twitter': 'https://partyflock.nlhttps://twitter.com/steve_bug', 'facebook': 'https://partyflock.nlhttps://www.facebook.com/8517364710', 'instagram': 'https://partyflock.nlhttps://instagram.com/steve_bug'}
Christopher Rau	/artist/71738:Christopher-Rau	man	Duitsland	DJ, live act	house, techno, zouk		http://oddfantastic.com/	{'soundcloud': 'https://partyflock.nlhttps://soundcloud.com/christopher-rau', 'facebook': 'https://partyflock.nlhttps://www.facebook.com/194503673908965'}
Edward	/artist/80203:Generate	man	Nederland	DJ, live act	ambient, breaks, drum & bass, dubstep, glitch			{'soundcloud': 'https://partyflock.nlhttps://soundcloud.com/generate', 'facebook': 'https://partyflock.nlhttps://www.facebook.com/110561538986512'}
Marc Kinchen	/artist/71845:MK	man	Verenigde Staten	DJ	house			{'soundcloud': 'https://partyflock.nlhttps://soundcloud.com/marckinchen', 'twitter': 'https://partyflock.nlhttps://www.twitter.com/MarcKinchen', 'facebook': 'https://partyflock.nlhttps://www.facebook.com/187859097957900', 'instagram': 'https://partyflock.nlhttps://instagram.com/marckinchen'}
Esther Duijn	/artist/25032:Esther-Duijn	vrouw	Nederland	DJ	disco, house, techno	http://www.estherduijn.com/		{'soundcloud': 'https://partyflock.nlhttps://soundcloud.com/esther-duijn', 'facebook': 'https://partyflock.nlhttps://www.facebook.com/100003128335464'}
Robert Dietz	/artist/48497:Robert-Dietz	man	Duitsland	DJ	minimal	http://robertdietz.net/		{'soundcloud': 'https://partyflock.nlhttps://soundcloud.com/robert-dietz', 'twitter': 'https://partyflock.nlhttps://twitter.com/robertdietz', 'facebook': 'https://partyflock.nlhttps://www.facebook.com/43133943877', 'youtube': 'https://partyflock.nlhttps://www.youtube.com/user/robertdietzdj'}
Santé	/artist/47801:Santos-Suarez	man	Nederland	DJ, producer	club, electro, house, latin, minimal, techhouse			{'soundcloud': 'https://partyflock.nlhttps://soundcloud.com/santos-suarez', 'twitter': 'https://partyflock.nlhttps://www.twitter.com/santossuarez', 'facebook': 'https://partyflock.nlhttps://www.facebook.com/100000333326034'}
James Murphy	/artist/108146:Nick-Murphy	man	Australië	zanger	downtempo, soulful house, triphop	http://nickmurphymusic.com/		{'soundcloud': 'https://partyflock.nlhttps://soundcloud.com/nick_murphy', 'youtube': 'https://partyflock.nlhttps://www.youtube.com/channel/UCr1yx_rQ_dLlMDCd1UdBqqQ', 'spotify': 'https://partyflock.nlhttps://open.spotify.com/artist/2Q0MyH5YMI5HPQjFjlq5g3', 'twitter': 'https://partyflock.nlhttps://twitter.com/nick_murphy', 'facebook': 'https://partyflock.nlhttps://www.facebook.com/200133566691266', 'instagram': 'https://partyflock.nlhttps://www.instagram.com/nickmurphy/'}
Chaim	/artist/106826:Disk-Space	mix	Nederland	DJ, groep	electro, techno, trance			{'soundcloud': 'https://partyflock.nlhttps://soundcloud.com/disk-space', 'facebook': 'https://partyflock.nlhttps://www.facebook.com/295676817571814'}
Milton Bradley	/artist/59021:Milton-Bradley	man	Duitsland	DJ	minimal, techhouse, techno	http://www.miltonbradley.de/		{'soundcloud': 'https://partyflock.nlhttps://soundcloud.com/do-not-resist-the-beat', 'twitter': 'https://partyflock.nlhttps://twitter.com/BerlinBradley', 'facebook': 'https://partyflock.nlhttps://www.facebook.com/101255829922', 'instagram': 'https://partyflock.nlhttps://www.instagram.com/berlinbradley/'}
Sven Weisemann	/artist/45810:Sven-Weisemann	man	Duitsland	DJ	ambient, groove, house, minimal, soulful house, techhouse, techno			{'facebook': 'https://partyflock.nlhttps://www.facebook.com/123769767695720'}
DJ Bone	/artist/97150:Bones-DJ	man	Canada	DJ	disco, house, techhouse, techno			{'facebook': 'https://partyflock.nlhttps://www.facebook.com/126782587495502'}
Martinez	/artist/37556:The-Martinez-Brothers	man	Verenigde Staten	DJ	club, funk, house	http://themartinezbrothers.net/	http://www.wmeentertainment.com/	{'soundcloud': 'https://partyflock.nlhttps://soundcloud.com/themartinezbros', 'youtube': 'https://partyflock.nlhttps://www.youtube.com/TheMartinezBrosTV', 'spotify': 'https://partyflock.nlhttps://open.spotify.com/artist/7B1LLuCQk13H4Mb6CFBftU', 'twitter': 'https://partyflock.nlhttps://twitter.com/themartinezbros', 'facebook': 'https://partyflock.nlhttps://www.facebook.com/21754746748', 'instagram': 'https://partyflock.nlhttps://instagram.com/thembros'}
Sassmouth	/artist/45312:Sassmouth		Verenigde Staten	DJ				{}
AnD	/artist/62697:Andrea-Oliva	man	Zwitserland	DJ, live act	ambient, house, minimal, techhouse, techno			{'soundcloud': 'https://partyflock.nlhttps://soundcloud.com/andreaoliva', 'twitter': 'https://partyflock.nlhttps://twitter.com/andreaoliva1', 'facebook': 'https://partyflock.nlhttps://www.facebook.com/159024334113153'}
Ancient Methods	/artist/60515:Ancient-Methods	man	Duitsland	live act, DJ	techno	http://www.ancientmethods.com/	http://triangleagency.com/ancient-methods	{'soundcloud': 'https://partyflock.nlhttps://soundcloud.com/ancient-methods', 'facebook': 'https://partyflock.nlhttps://www.facebook.com/105898146140306'}
Rossko	/artist/74371:Rossko	man	Verenigd Koninkrijk	DJ				{'soundcloud': 'https://partyflock.nlhttps://soundcloud.com/rossko', 'facebook': 'https://partyflock.nlhttps://www.facebook.com/474122159319177', 'instagram': 'https://partyflock.nlhttps://www.instagram.com/rosskodj/'}
Cera Khin	/artist/119453:Cera-Khin	vrouw	Tunesië	DJ		https://cerakhin.wixsite.com/cerakhin		{'soundcloud': 'https://partyflock.nlhttps://soundcloud.com/cera-khin', 'twitter': 'https://partyflock.nlhttps://twitter.com/CeraKhin', 'facebook': 'https://partyflock.nlhttps://www.facebook.com/1245772465', 'instagram': 'https://partyflock.nlhttps://www.instagram.com/cerakhin/'}
Octo Octa	/artist/102353:Octo-Octa	vrouw	Verenigde Staten	DJ	breaks, deephouse, house, minimal, techhouse, techno			{'soundcloud': 'https://partyflock.nlhttps://soundcloud.com/octoocta', 'twitter': 'https://partyflock.nlhttps://twitter.com/octo_octa', 'facebook': 'https://partyflock.nlhttps://www.facebook.com/311612715552997', 'spotify': 'https://partyflock.nlhttps://open.spotify.com/artist/2GH8Mzo3Ur1AdOnGUUpt17', 'instagram': 'https://partyflock.nlhttps://www.instagram.com/octoocta/'}
Headless Horseman	/artist/85972:Headless-Horseman	man	Duitsland	live act, DJ	techno	http://headless-horseman.net/		{'soundcloud': 'https://partyflock.nlhttps://soundcloud.com/headlesshorseman-1', 'twitter': 'https://partyflock.nlhttps://twitter.com/headlesstechno', 'facebook': 'https://partyflock.nlhttps://www.facebook.com/503898852989414'}
Boo Williams	/artist/58606:Boo-Williams	man	Verenigde Staten	DJ	house			{'soundcloud': 'https://partyflock.nlhttps://soundcloud.com/boo-williams', 'facebook': 'https://partyflock.nlhttps://www.facebook.com/186162074778808'}
The Hacker	/artist/2006:The-Hacker	man	Frankrijk	DJ	electro, techno			{'soundcloud': 'https://partyflock.nlhttps://soundcloud.com/the-hacker', 'facebook': 'https://partyflock.nlhttps://www.facebook.com/43536605346', 'spotify': 'https://partyflock.nlhttps://open.spotify.com/artist/763V8ZisRsw5kCoquzKTUp'}
Lauren Lane	/artist/93184:Lauren-Lane	man	Verenigde Staten	DJ	house, minimal			{'soundcloud': 'https://partyflock.nlhttps://soundcloud.com/laurenlane', 'twitter': 'https://partyflock.nlhttps://twitter.com/laurenlanenyc', 'facebook': 'https://partyflock.nlhttps://www.facebook.com/676698875680410', 'instagram': 'https://partyflock.nlhttps://www.instagram.com/laurenlanequestionmark/'}
Sigha	/artist/53197:Sigha	man	Verenigd Koninkrijk	DJ, live act	experimental, noise, techno			{'soundcloud': 'https://partyflock.nlhttps://soundcloud.com/sigha', 'twitter': 'https://partyflock.nlhttps://twitter.com/sigha', 'facebook': 'https://partyflock.nlhttps://www.facebook.com/298745761109'}
Stephanie Sykes	/artist/67601:Stephanie-Sykes	vrouw	Verenigd Koninkrijk	DJ	techno			{'soundcloud': 'https://partyflock.nlhttps://soundcloud.com/stephanie-sykes', 'facebook': 'https://partyflock.nlhttps://www.facebook.com/832845183', 'instagram': 'https://partyflock.nlhttps://www.instagram.com/stephaniesykes/'}
Magda	/artist/3717:Magda	vrouw	Polen	DJ, 1 × live act, producer	techno		http://www.geist-agency.com/artist/magda	{'soundcloud': 'https://partyflock.nlhttps://www.soundcloud.com/magda-official', 'twitter': 'https://partyflock.nlhttps://www.twitter.com/magda_music', 'facebook': 'https://partyflock.nlhttps://www.facebook.com/128015246931', 'youtube': 'https://partyflock.nlhttps://www.youtube.com/user/unmagda', 'instagram': 'https://partyflock.nlhttps://www.instagram.com/magda_official/'}
Pariah	/artist/57002:Pariah	man	Verenigd Koninkrijk	DJ	2step, dubstep, techno			{'facebook': 'https://partyflock.nlhttps://www.facebook.com/127709617251521'}
Loco Dice	/artist/14395:Loco-Dice	man	Duitsland	DJ	funk, groove, hip hop, house, triphop	http://www.locodice.com/		{'soundcloud': 'https://partyflock.nlhttps://soundcloud.com/locodiceofc', 'twitter': 'https://partyflock.nlhttps://twitter.com/LocoDiceOFC', 'facebook': 'https://partyflock.nlhttps://www.facebook.com/140368786216', 'youtube': 'https://partyflock.nlhttps://www.youtube.com/locodice', 'instagram': 'https://partyflock.nlhttps://instagram.com/locodiceofc'}
Claptone	/artist/69897:Claptone	man	Duitsland	DJ, live act	deephouse, house	http://www.claptone.com/	http://exploitedghetto.de/	{'soundcloud': 'https://partyflock.nlhttps://soundcloud.com/claptone', 'twitter': 'https://partyflock.nlhttps://twitter.com/Claptone_', 'facebook': 'https://partyflock.nlhttps://www.facebook.com/198318966871498'}
